{"cameraMode":{"drawMode":0,"name":"Shaded","section":"Shading Mode"},"sceneLighting":false,"audioPlay":false,"sceneViewState":{"m_AlwaysRefresh":false,"showFog":false,"showSkybox":false,"showFlares":false,"showImageEffects":false,"showParticleSystems":false,"showVisualEffectGraphs":true,"m_FxEnabled":true},"in2DMode":false,"pivot":{"x":-3.4478096961975099,"y":1.7110260725021363,"z":0.6411312222480774},"rotation":{"x":-0.005381349008530378,"y":0.9809828996658325,"z":-0.19222788512706757,"w":-0.02798384428024292},"size":2.635302782058716,"orthographic":false}