{"cameraMode":{"drawMode":0,"name":"Shaded","section":"Shading Mode"},"sceneLighting":false,"audioPlay":false,"sceneViewState":{"m_AlwaysRefresh":false,"showFog":false,"showSkybox":false,"showFlares":false,"showImageEffects":false,"showParticleSystems":false,"showVisualEffectGraphs":true,"m_FxEnabled":true},"in2DMode":false,"pivot":{"x":-39.885704040527347,"y":1.5628530979156495,"z":-29.120012283325197},"rotation":{"x":0.008402502164244652,"y":-0.5912613868713379,"z":0.004288393538445234,"w":0.806921660900116},"size":1.2791186571121216,"orthographic":false}