{"cameraMode":{"drawMode":0,"name":"Shaded","section":"Shading Mode"},"sceneLighting":false,"audioPlay":false,"sceneViewState":{"m_AlwaysRefresh":false,"showFog":false,"showSkybox":false,"showFlares":false,"showImageEffects":false,"showParticleSystems":false,"showVisualEffectGraphs":true,"m_FxEnabled":true},"in2DMode":false,"pivot":{"x":1.3507227897644044,"y":-1.0037493705749512,"z":-2.2559850215911867},"rotation":{"x":0.028582070022821428,"y":-0.970698893070221,"z":0.14367173612117768,"w":0.19108502566814423},"size":3.7219085693359377,"orthographic":false}