{"cameraMode":{"drawMode":0,"name":"Shaded","section":"Shading Mode"},"sceneLighting":false,"audioPlay":false,"sceneViewState":{"m_AlwaysRefresh":false,"showFog":false,"showSkybox":false,"showFlares":false,"showImageEffects":false,"showParticleSystems":false,"showVisualEffectGraphs":true,"m_FxEnabled":true},"in2DMode":false,"pivot":{"x":0.7260538935661316,"y":3.4269094467163088,"z":-0.6724995374679565},"rotation":{"x":-0.05340476706624031,"y":-0.14123648405075074,"z":0.010204978287220002,"w":-0.989017903804779},"size":0.7433320879936218,"orthographic":false}