{"cameraMode":{"drawMode":0,"name":"Shaded","section":"Shading Mode"},"sceneLighting":false,"audioPlay":false,"sceneViewState":{"m_AlwaysRefresh":false,"showFog":false,"showSkybox":false,"showFlares":false,"showImageEffects":false,"showParticleSystems":false,"showVisualEffectGraphs":true,"m_FxEnabled":true},"in2DMode":false,"pivot":{"x":-0.6705401539802551,"y":3.6544206142425539,"z":2.01200008392334},"rotation":{"x":0.05577752739191055,"y":-0.44621986150741579,"z":0.027882972732186319,"w":0.8927665948867798},"size":3.3280677795410158,"orthographic":true}