{"cameraMode":{"drawMode":0,"name":"Shaded","section":"Shading Mode"},"sceneLighting":false,"audioPlay":false,"sceneViewState":{"m_AlwaysRefresh":false,"showFog":false,"showSkybox":false,"showFlares":false,"showImageEffects":false,"showParticleSystems":false,"showVisualEffectGraphs":true,"m_FxEnabled":true},"in2DMode":false,"pivot":{"x":0.7383365631103516,"y":1.5002321004867554,"z":-0.7438896894454956},"rotation":{"x":-0.23219884932041169,"y":0.6288220286369324,"z":0.20058578252792359,"w":0.7151928544044495},"size":1.8646444082260132,"orthographic":false}