{"cameraMode":{"drawMode":0,"name":"Shaded","section":"Shading Mode"},"sceneLighting":false,"audioPlay":false,"sceneViewState":{"m_AlwaysRefresh":false,"showFog":false,"showSkybox":false,"showFlares":false,"showImageEffects":false,"showParticleSystems":false,"showVisualEffectGraphs":true,"m_FxEnabled":true},"in2DMode":false,"pivot":{"x":-2.8893704414367677,"y":3.076697826385498,"z":1.7367866039276124},"rotation":{"x":0.006720620207488537,"y":0.8786637187004089,"z":-0.47813302278518679,"w":0.01677992381155491},"size":2.8255672454833986,"orthographic":false}