{"cameraMode":{"drawMode":0,"name":"Shaded","section":"Shading Mode"},"sceneLighting":false,"audioPlay":false,"sceneViewState":{"m_AlwaysRefresh":false,"showFog":false,"showSkybox":false,"showFlares":false,"showImageEffects":false,"showParticleSystems":false,"showVisualEffectGraphs":true,"m_FxEnabled":true},"in2DMode":false,"pivot":{"x":1.5962228775024415,"y":2.2954769134521486,"z":-2.7612457275390627},"rotation":{"x":0.2882431745529175,"y":0.051420994102954867,"z":-0.01776055432856083,"w":0.9565193057060242},"size":2.0231549739837648,"orthographic":false}