{"cameraMode":{"drawMode":0,"name":"Shaded","section":"Shading Mode"},"sceneLighting":false,"audioPlay":false,"sceneViewState":{"m_AlwaysRefresh":false,"showFog":false,"showSkybox":false,"showFlares":false,"showImageEffects":false,"showParticleSystems":false,"showVisualEffectGraphs":true,"m_FxEnabled":true},"in2DMode":false,"pivot":{"x":2.9853522777557375,"y":0.950843095779419,"z":0.01069845911115408},"rotation":{"x":0.03246865049004555,"y":-0.9689344763755798,"z":0.15804827213287354,"w":0.18906353414058686},"size":3.1920557022094728,"orthographic":false}