{"cameraMode":{"drawMode":0,"name":"Shaded","section":"Shading Mode"},"sceneLighting":false,"audioPlay":false,"sceneViewState":{"m_AlwaysRefresh":false,"showFog":false,"showSkybox":false,"showFlares":false,"showImageEffects":false,"showParticleSystems":false,"showVisualEffectGraphs":true,"m_FxEnabled":true},"in2DMode":false,"pivot":{"x":4.085238933563232,"y":11.218170166015625,"z":-12.493505477905274},"rotation":{"x":0.018718494102358819,"y":-0.9642724394798279,"z":0.06670410931110382,"w":0.25690266489982607},"size":33.22647476196289,"orthographic":false}