{"cameraMode":{"drawMode":0,"name":"Shaded","section":"Shading Mode"},"sceneLighting":false,"audioPlay":false,"sceneViewState":{"m_AlwaysRefresh":false,"showFog":false,"showSkybox":false,"showFlares":false,"showImageEffects":false,"showParticleSystems":false,"showVisualEffectGraphs":true,"m_FxEnabled":true},"in2DMode":false,"pivot":{"x":-8.124715805053711,"y":1.946500301361084,"z":-13.476598739624024},"rotation":{"x":-0.0019136776681989432,"y":0.9941741228103638,"z":-0.10628163814544678,"w":-0.01789744384586811},"size":14.613276481628418,"orthographic":false}