{"cameraMode":{"drawMode":0,"name":"Shaded","section":"Shading Mode"},"sceneLighting":false,"audioPlay":false,"sceneViewState":{"m_AlwaysRefresh":false,"showFog":false,"showSkybox":false,"showFlares":false,"showImageEffects":false,"showParticleSystems":false,"showVisualEffectGraphs":true,"m_FxEnabled":true},"in2DMode":false,"pivot":{"x":-1.5000004768371583,"y":0.0000023855827748775484,"z":0.4999997913837433},"rotation":{"x":0.012752410024404526,"y":0.9831177592277527,"z":-0.10445413738489151,"w":0.15336258709430695},"size":1.145503282546997,"orthographic":false}