{"cameraMode":{"drawMode":0,"name":"Shaded","section":"Shading Mode"},"sceneLighting":false,"audioPlay":false,"sceneViewState":{"m_AlwaysRefresh":false,"showFog":false,"showSkybox":false,"showFlares":false,"showImageEffects":false,"showParticleSystems":false,"showVisualEffectGraphs":true,"m_FxEnabled":true},"in2DMode":false,"pivot":{"x":4.071313858032227,"y":2.2649245262145998,"z":-0.06477072834968567},"rotation":{"x":0.0003975678700953722,"y":0.9960846900939941,"z":-0.08838453143835068,"w":0.004482340533286333},"size":4.338064670562744,"orthographic":false}