{"cameraMode":{"drawMode":0,"name":"Shaded","section":"Shading Mode"},"sceneLighting":false,"audioPlay":false,"sceneViewState":{"m_AlwaysRefresh":false,"showFog":false,"showSkybox":false,"showFlares":false,"showImageEffects":false,"showParticleSystems":false,"showVisualEffectGraphs":true,"m_FxEnabled":true},"in2DMode":false,"pivot":{"x":-2.0337142944335939,"y":4.430702209472656,"z":-0.9727159738540649},"rotation":{"x":0.041416604071855548,"y":0.45355328917503359,"z":-0.021103069186210634,"w":0.8900242447853088},"size":5.219817638397217,"orthographic":false}