{"cameraMode":{"drawMode":0,"name":"Shaded","section":"Shading Mode"},"sceneLighting":true,"audioPlay":false,"sceneViewState":{"m_AlwaysRefresh":false,"showFog":false,"showSkybox":false,"showFlares":false,"showImageEffects":false,"showParticleSystems":false,"showVisualEffectGraphs":true,"m_FxEnabled":true},"in2DMode":false,"pivot":{"x":11.213247299194336,"y":-0.0037033148109912874,"z":-2.667783737182617},"rotation":{"x":-0.16303344070911408,"y":-0.7866650819778442,"z":0.23835183680057527,"w":-0.5464804768562317},"size":4.990335464477539,"orthographic":false}