{"cameraMode":{"drawMode":0,"name":"Shaded","section":"Shading Mode"},"sceneLighting":false,"audioPlay":false,"sceneViewState":{"m_AlwaysRefresh":false,"showFog":false,"showSkybox":false,"showFlares":false,"showImageEffects":false,"showParticleSystems":false,"showVisualEffectGraphs":true,"m_FxEnabled":true},"in2DMode":false,"pivot":{"x":-1.5000008344650269,"y":1.874999761581421,"z":0.5000002384185791},"rotation":{"x":-0.0017025212291628123,"y":0.9785605669021606,"z":-0.0052831294015049938,"w":0.2084779590368271},"size":2.4526784420013429,"orthographic":false}