{"cameraMode":{"drawMode":0,"name":"Shaded","section":"Shading Mode"},"sceneLighting":false,"audioPlay":false,"sceneViewState":{"m_AlwaysRefresh":false,"showFog":false,"showSkybox":false,"showFlares":false,"showImageEffects":false,"showParticleSystems":false,"showVisualEffectGraphs":true,"m_FxEnabled":true},"in2DMode":false,"pivot":{"x":0.47164487838745119,"y":0.4987832009792328,"z":0.01714228466153145},"rotation":{"x":0.013425609096884728,"y":-0.9621024131774902,"z":0.2711605727672577,"w":0.039288245141506198},"size":4.966658115386963,"orthographic":false}