{"cameraMode":{"drawMode":0,"name":"Shaded","section":"Shading Mode"},"sceneLighting":false,"audioPlay":false,"sceneViewState":{"m_AlwaysRefresh":false,"showFog":false,"showSkybox":false,"showFlares":false,"showImageEffects":false,"showParticleSystems":false,"showVisualEffectGraphs":true,"m_FxEnabled":true},"in2DMode":false,"pivot":{"x":2.9772534370422365,"y":1.9963805675506592,"z":0.06567929685115814},"rotation":{"x":0.050238948315382007,"y":0.7720403671264648,"z":-0.06150643154978752,"w":0.6305981874465942},"size":1.946328043937683,"orthographic":false}