{"cameraMode":{"drawMode":0,"name":"Shaded","section":"Shading Mode"},"sceneLighting":false,"audioPlay":false,"sceneViewState":{"m_AlwaysRefresh":false,"showFog":false,"showSkybox":false,"showFlares":false,"showImageEffects":false,"showParticleSystems":false,"showVisualEffectGraphs":true,"m_FxEnabled":true},"in2DMode":false,"pivot":{"x":-0.13480475544929505,"y":3.05450701713562,"z":9.173323631286621},"rotation":{"x":-0.007927115075290203,"y":0.9887734651565552,"z":0.14902706444263459,"w":0.03359866142272949},"size":3.2053916454315187,"orthographic":false}