{"cameraMode":{"drawMode":0,"name":"Shaded","section":"Shading Mode"},"sceneLighting":false,"audioPlay":false,"sceneViewState":{"m_AlwaysRefresh":false,"showFog":false,"showSkybox":false,"showFlares":false,"showImageEffects":false,"showParticleSystems":false,"showVisualEffectGraphs":true,"m_FxEnabled":true},"in2DMode":false,"pivot":{"x":-1.2877808809280396,"y":0.7440075278282166,"z":0.10066059231758118},"rotation":{"x":-0.28444069623947146,"y":-0.00869440846145153,"z":0.0058106607757508759,"w":-0.9592013955116272},"size":2.459005117416382,"orthographic":false}