{"cameraMode":{"drawMode":0,"name":"Shaded","section":"Shading Mode"},"sceneLighting":false,"audioPlay":false,"sceneViewState":{"m_AlwaysRefresh":false,"showFog":false,"showSkybox":false,"showFlares":false,"showImageEffects":false,"showParticleSystems":false,"showVisualEffectGraphs":true,"m_FxEnabled":true},"in2DMode":false,"pivot":{"x":3.616518259048462,"y":2.6118452548980715,"z":1.2730214595794678},"rotation":{"x":0.016718978062272073,"y":-0.9529300332069397,"z":0.2982363700866699,"w":0.05352901667356491},"size":3.1920559406280519,"orthographic":false}