{"cameraMode":{"drawMode":0,"name":"Shaded","section":"Shading Mode"},"sceneLighting":false,"audioPlay":false,"sceneViewState":{"m_AlwaysRefresh":false,"showFog":false,"showSkybox":false,"showFlares":false,"showImageEffects":false,"showParticleSystems":false,"showVisualEffectGraphs":true,"m_FxEnabled":true},"in2DMode":false,"pivot":{"x":-0.2939576506614685,"y":-0.1457732915878296,"z":2.5133750438690187},"rotation":{"x":-0.2641831934452057,"y":-0.022968294098973275,"z":0.006049268413335085,"w":-0.9646289348602295},"size":2.989373207092285,"orthographic":false}